id,name,address,phone,email
d9793b70e70b4048bd4350d548023147,Minute Serve,950 Betty Loaf,428-842-5835,osanchez@example.org
a9ccbb911b88459c8be52b6b793c176b,Blood Kitchen,3001 Matthew River Apt. 659,001-533-728-6214x2972,ryan06@example.net
3b7b8c891a5e4849964e5e83f07910b9,Us Decision,617 Davis Ferry Suite 012,001-446-729-9298,waltersbonnie@example.org
5297cc00201d42fdb8a5c11ece4b2bce,Believe National,2579 Moore Locks Apt. 809,(988)775-0510x56350,jayhill@example.com
2314150867fb4b039166b3b49e0bd39b,Nor Reduce,240 Leslie Fords,223.407.7067x8526,kimmcdonald@example.net
4b352aa1fc4d40d58722cab48e7dccc3,Baby Television,69217 Anderson Village Suite 064,001-988-995-6017x72321,melanie76@example.net
95e412a38dff4638876fc51496a67ad1,Clearly Firm,6283 Johnson Via Apt. 803,613.297.8834x43122,nicole26@example.org
ca0d036493e84583af320681855473a5,Already However,7910 Zachary Branch Apt. 091,556-864-7628x2478,qayala@example.com
e885cf82354f4e65b9d893057e765434,Mrs Smile,9470 Ramirez Viaduct,(849)231-6474x7045,michele51@example.com
4b04f5e239634d51b1ba6e25fb1bd1c9,Less Story,910 Baxter Mount,744-432-4534x4690,tbuchanan@example.com
879c8b45a9e64525a092764787dfb8a8,Seat Wide,1854 Patricia Plains Apt. 557,294-832-5018,ethan32@example.com
543bf97f762d4217996c9da65c1db74f,Study Remember,1044 Susan Underpass,318.518.6379,adamsvanessa@example.com
a0ace7190f704d9e9ad6b3013e6e2559,Bank Consider,26252 Greene Drives,001-348-701-4487x806,ramirezlisa@example.org
cbf55b5063594215836357367be21e08,Democratic Before,108 Ryan Ramp,+1-380-206-3324x024,zwright@example.org
eeeb5878d8c84d0189117048e04a23aa,Fact Race,8641 Weiss Square,223-476-5703,antonio67@example.com
6a97390945374e39951c4835024a857a,Western Win,79386 Johnson Turnpike Suite 747,5166905111,lmayer@example.net
dc77bf457a8447098e4a42e64c89656d,Service North,33230 Johnson Mountain Apt. 801,508-820-8873x8650,ruth76@example.com
751ed716969b4f53a0de5ce8283339b3,Read Capital,91645 Thomas Groves Suite 936,661-572-1514,sanfordrhonda@example.org
0df38c20f8f14bbd8ba43312eed266fe,Over Understand,380 Buchanan Plaza,001-420-232-5501x3988,hesterdonald@example.org
03b9f096083e49fb86378063313f1bb2,Gas Often,219 Tucker Stravenue Apt. 983,850-616-0416,jamesgarcia@example.net
